<?xml version="1.0" encoding="UTF-8"?>

<mule xmlns:db="http://www.mulesoft.org/schema/mule/db" xmlns:tracking="http://www.mulesoft.org/schema/mule/ee/tracking" xmlns="http://www.mulesoft.org/schema/mule/core" xmlns:doc="http://www.mulesoft.org/schema/mule/documentation"
	xmlns:spring="http://www.springframework.org/schema/beans" 
	xmlns:xsi="http://www.w3.org/2001/XMLSchema-instance"
	xsi:schemaLocation="http://www.springframework.org/schema/beans http://www.springframework.org/schema/beans/spring-beans-current.xsd
http://www.mulesoft.org/schema/mule/core http://www.mulesoft.org/schema/mule/core/current/mule.xsd
http://www.mulesoft.org/schema/mule/db http://www.mulesoft.org/schema/mule/db/current/mule-db.xsd
http://www.mulesoft.org/schema/mule/ee/tracking http://www.mulesoft.org/schema/mule/ee/tracking/current/mule-tracking-ee.xsd">
    <db:mysql-config name="MySQL_Configuration" host="localhost" port="3306" user="root" password="root" database="integration" doc:name="MySQL Configuration"/>
    <flow name="watermarkFlow" processingStrategy="synchronous">
        <poll doc:name="Poll">
            <fixed-frequency-scheduler frequency="15" timeUnit="SECONDS"/>
            <watermark variable="fvUniqueId" default-expression="0" selector="LAST" selector-expression="#[payload.UniqueId]"/>
            <db:select config-ref="MySQL_Configuration" doc:name="Database">
                <db:parameterized-query><![CDATA[select * from audit_log where uniqueId > #[flowVars.fvUniqueId]]]></db:parameterized-query>
            </db:select>
        </poll>
        <logger message="Response from DB............ #[payload]" level="INFO" doc:name="Logger"/>
        <db:insert config-ref="MySQL_Configuration" bulkMode="true" doc:name="Database">
            <db:parameterized-query/>
        </db:insert>
    </flow>
</mule>
